instance,configuration,metric,pairs,nsga2_mean,spea2_mean,mean_difference_nsga2_minus_spea2,paired_win_fraction_nsga2,p_raw,p_holm,reject_at_0_05
cap61,smaller_population,hv,10,0.7752611959476603,0.7748505954312739,0.0004106005163863502,0.4,0.73046875,1.0,False
cap61,reference,hv,10,0.7765359916197858,0.7778200437241585,-0.0012840521043726572,0.2,0.16015625,1.0,False
cap61,larger_population,hv,10,0.7827840414786049,0.781649313124572,0.0011347283540328768,0.8,0.31640625,1.0,False
cap62,smaller_population,hv,10,0.7752611959476603,0.7748505954312739,0.0004106005163863502,0.4,0.73046875,1.0,False
cap62,reference,hv,10,0.7765359916197858,0.7778200437241585,-0.0012840521043726572,0.2,0.16015625,1.0,False
cap62,larger_population,hv,10,0.7827840414786049,0.781649313124572,0.0011347283540328768,0.8,0.31640625,1.0,False
cap101,smaller_population,hv,10,0.9658448382359592,0.9641986932200113,0.001646145015947864,0.6,0.294921875,1.0,False
cap101,reference,hv,10,0.961454290710744,0.9634607196760401,-0.0020064289652961475,0.3,0.322265625,1.0,False
cap101,larger_population,hv,10,0.9574352646310774,0.9568017274692384,0.0006335371618390484,0.6,0.703125,1.0,False
cap102,smaller_population,hv,10,0.9658448382359592,0.9641986932200113,0.001646145015947864,0.6,0.294921875,1.0,False
cap102,reference,hv,10,0.961454290710744,0.9634607196760401,-0.0020064289652961475,0.3,0.322265625,1.0,False
cap102,larger_population,hv,10,0.9574352646310774,0.9568017274692384,0.0006335371618390484,0.6,0.703125,1.0,False
cap121,smaller_population,hv,10,0.9623129434275911,0.9562531410021868,0.006059802425404192,0.6,0.0546875,0.984375,False
cap121,reference,hv,10,0.9525702472014661,0.956452019032798,-0.0038817718313318038,0.4,0.16796875,1.0,False
cap121,larger_population,hv,10,0.9456933584511148,0.9480930102115253,-0.0023996517604104595,0.3,0.25390625,1.0,False
cap122,smaller_population,hv,10,0.9623129434275911,0.9562531410021868,0.006059802425404192,0.6,0.0546875,0.984375,False
cap122,reference,hv,10,0.9525702472014661,0.956452019032798,-0.0038817718313318038,0.4,0.16796875,1.0,False
cap122,larger_population,hv,10,0.9456933584511148,0.9480930102115253,-0.0023996517604104595,0.3,0.25390625,1.0,False
