instance,configuration,algorithm,runs,hv_mean,hv_sd,hv_best,hv_worst,nd_mean,time_mean_seconds
cap101,larger_population,nsga2,10,0.9574352646310774,0.0054947956625413935,0.965711001453906,0.9499626390625102,9.8,3.5384194799002215
cap101,larger_population,spea2,10,0.9568017274692384,0.005491206310534077,0.9648842686500142,0.9461047133117599,10,6.553650413299965
cap101,reference,nsga2,10,0.961454290710744,0.00576342861383652,0.9688277731929356,0.9506860020207002,10.2,2.237612437699954
cap101,reference,spea2,10,0.9634607196760401,0.007326012710410761,0.977355283936098,0.9536884257881701,11,3.6892718723001052
cap101,smaller_population,nsga2,10,0.9658448382359592,0.005483843761025751,0.9728328353301953,0.955370694217286,10.4,1.5845120159000543
cap101,smaller_population,spea2,10,0.9641986932200113,0.00683516866474497,0.9734356076020106,0.9480848097438518,10.3,2.3873756599000444
cap102,larger_population,nsga2,10,0.9574352646310774,0.0054947956625413935,0.965711001453906,0.9499626390625102,9.8,3.522786110599827
cap102,larger_population,spea2,10,0.9568017274692384,0.005491206310534077,0.9648842686500142,0.9461047133117599,10,6.5566966631000465
cap102,reference,nsga2,10,0.961454290710744,0.00576342861383652,0.9688277731929356,0.9506860020207002,10.2,2.2351310139999443
cap102,reference,spea2,10,0.9634607196760401,0.007326012710410761,0.977355283936098,0.9536884257881701,11,3.683542638700055
cap102,smaller_population,nsga2,10,0.9658448382359592,0.005483843761025751,0.9728328353301953,0.955370694217286,10.4,1.5921350288002032
cap102,smaller_population,spea2,10,0.9641986932200113,0.00683516866474497,0.9734356076020106,0.9480848097438518,10.3,2.3820094259001054
cap121,larger_population,nsga2,10,0.9456933584511148,0.007748931030870537,0.9530447173934454,0.9303815816661327,10.3,3.7740951241000404
cap121,larger_population,spea2,10,0.9480930102115253,0.006322654825804532,0.9586987557158014,0.934908701690703,11.1,6.771627290700053
cap121,reference,nsga2,10,0.9525702472014661,0.01151318217541772,0.9708400729796877,0.9293067675424356,11.1,2.375747682399833
cap121,reference,spea2,10,0.956452019032798,0.007395352208695567,0.9654572431276806,0.9446141996944067,12.1,3.8422969742001443
cap121,smaller_population,nsga2,10,0.9623129434275911,0.011004008042934497,0.9851528984740796,0.9518857757328277,12.3,1.7634004888000163
cap121,smaller_population,spea2,10,0.9562531410021868,0.012413987817349393,0.9736095176523177,0.9307486254626338,10.9,2.587451736499861
cap122,larger_population,nsga2,10,0.9456933584511148,0.007748931030870537,0.9530447173934454,0.9303815816661327,10.3,3.7400967247001065
cap122,larger_population,spea2,10,0.9480930102115253,0.006322654825804532,0.9586987557158014,0.934908701690703,11.1,6.729355018000296
cap122,reference,nsga2,10,0.9525702472014661,0.01151318217541772,0.9708400729796877,0.9293067675424356,11.1,2.3835345149000204
cap122,reference,spea2,10,0.956452019032798,0.007395352208695567,0.9654572431276806,0.9446141996944067,12.1,3.8560061190999475
cap122,smaller_population,nsga2,10,0.9623129434275911,0.011004008042934497,0.9851528984740796,0.9518857757328277,12.3,1.7741048085001239
cap122,smaller_population,spea2,10,0.9562531410021868,0.012413987817349393,0.9736095176523177,0.9307486254626338,10.9,2.5767362141001287
cap61,larger_population,nsga2,10,0.7827840414786049,0.025128758210735094,0.8224183550844255,0.7537876065038732,7.4,3.611814933599953
cap61,larger_population,spea2,10,0.781649313124572,0.024423742640516437,0.820631079848215,0.7609269816290771,7.3,6.625561628800005
cap61,reference,nsga2,10,0.7765359916197858,0.016697477561191526,0.8161410825404323,0.7630906021176509,8.6,2.2988925995999123
cap61,reference,spea2,10,0.7778200437241585,0.016645394870379044,0.8183249081595724,0.7673182050467504,8.3,3.7315254478999575
cap61,smaller_population,nsga2,10,0.7752611959476603,0.016580328635623292,0.8212056952194404,0.7629118794454215,8.5,1.666266638899924
cap61,smaller_population,spea2,10,0.7748505954312739,0.015125572817042889,0.815370055606254,0.7627764930489399,7.8,2.3786941650000246
cap62,larger_population,nsga2,10,0.7827840414786049,0.025128758210735094,0.8224183550844255,0.7537876065038732,7.4,3.6364279720000012
cap62,larger_population,spea2,10,0.781649313124572,0.024423742640516437,0.820631079848215,0.7609269816290771,7.3,6.650101191200065
cap62,reference,nsga2,10,0.7765359916197858,0.016697477561191526,0.8161410825404323,0.7630906021176509,8.6,2.2808655690000705
cap62,reference,spea2,10,0.7778200437241585,0.016645394870379044,0.8183249081595724,0.7673182050467504,8.3,3.7203286815000864
cap62,smaller_population,nsga2,10,0.7752611959476603,0.016580328635623292,0.8212056952194404,0.7629118794454215,8.5,1.6967307506000906
cap62,smaller_population,spea2,10,0.7748505954312739,0.015125572817042889,0.815370055606254,0.7627764930489399,7.8,2.40076944059997
